timestamp,track_id,sensor_id,latitude,longitude,altitude,radiometric_intensity,reentry_phase
1731308400,0,3,64.12633173,-21.89850346,0.002393085,0.020458193,0
1731308401,0,3,64.10422055,-21.99807267,483.0595421,0.011735885,0
1731308401,0,3,64.05531441,-22.11556899,966.0771191,-0.000998504,0
1731308402,0,3,64.04045802,-22.18082877,1449.141262,0.026626783,0
1731308402,0,3,64.01927387,-22.31804746,1932.178629,-0.000449141,0
1731308403,0,3,63.97601824,-22.41816218,2415.237747,0.041492573,0
1731308403,0,3,63.95607042,-22.52656973,2898.275536,0.032716803,0
1731308404,0,3,63.92363896,-22.61604951,3381.307902,0.04581314,0
1731308404,0,3,63.89541836,-22.72799614,3864.359983,0.015725019,0
1731308405,0,3,63.86088023,-22.8395037,4347.405823,0.0379228,0
1731308405,0,3,63.829802,-22.92712631,4830.451257,0.038914871,0
1731308406,0,3,63.80390744,-23.02960817,5313.508931,0.034209446,0
1731308406,0,3,63.777265,-23.14202294,5796.534561,0.035344218,0
1731308407,0,3,63.73732646,-23.25181995,6279.598266,0.057400798,0
1731308407,0,3,63.71639289,-23.32710254,6762.630462,0.062332571,0
1731308408,0,3,63.68458374,-23.44944204,7245.680969,0.073380415,0
1731308408,0,3,63.66623567,-23.56941292,7728.724706,0.059371829,0
1731308409,0,3,63.62380684,-23.64636134,8211.769013,0.06701531,0
1731308409,0,3,63.58956509,-23.77288901,8694.814344,0.058632187,0
1731308410,0,3,63.58390604,-23.84074199,9177.874303,0.091890144,0
1731308410,0,3,63.51447315,-23.97119371,9660.913403,0.081203093,0
1731308411,0,3,63.5158966,-24.06568664,10143.9466,0.091758773,0
1731308411,0,3,63.48245631,-24.20044949,10627.0113,0.096137481,0
1731308412,0,3,63.43361542,-24.29632024,11110.04347,0.107174767,0
1731308412,0,3,63.4258907,-24.37396975,11593.08955,0.088295085,0
1731308413,0,3,63.38828163,-24.48795971,12076.12285,0.107610223,0
1731308413,0,3,63.35064772,-24.57454341,12559.1715,0.104409675,0
1731308414,0,3,63.31288677,-24.69394514,13042.21484,0.129741894,0
1731308414,0,3,63.30009762,-24.80117344,13525.26783,0.104366923,0
1731308415,0,3,63.25735397,-24.88932018,14008.31861,0.128450252,0
1731308415,0,3,63.22058113,-25.00018406,14491.36114,0.124264761,0
1731308416,0,3,63.20079137,-25.11607756,14974.4186,0.127765383,0
1731308416,0,3,63.1696699,-25.2288855,15457.43909,0.1293522,0
1731308417,0,3,63.14491315,-25.34549013,15940.49436,0.146304111,0
1731308417,0,3,63.11244574,-25.42998014,16423.52563,0.139501231,0
1731308418,0,3,63.09617954,-25.54129635,16906.57449,0.125643967,0
1731308418,0,3,63.06111662,-25.60728547,17389.64161,0.157108716,0
1731308419,0,3,63.02237836,-25.74359574,17872.66958,0.159300931,0
1731308419,0,3,62.9849848,-25.84769863,18355.71142,0.158835639,0
1731308420,0,3,62.97590494,-25.95996351,18838.74341,0.145704792,0
1731308420,0,3,62.94183602,-26.05124375,19321.80182,0.151283862,0
1731308421,0,3,62.93050282,-26.15905544,19804.85315,0.146266014,0
1731308421,0,3,62.87653959,-26.23886231,20287.88688,0.173669023,0
1731308422,0,3,62.86028446,-26.35838435,20770.94308,0.159595704,0
1731308422,0,3,62.81843693,-26.46398727,21254.00366,0.159929188,0
1731308423,0,3,62.78465002,-26.56907487,21737.02913,0.193891801,0
1731308423,0,3,62.73865323,-26.66369591,22220.07202,0.192849062,0
1731308424,0,3,62.73092984,-26.77991045,22703.11546,0.185860912,0
1731308424,0,3,62.68524264,-26.87254463,23186.16053,0.191877539,0
1731308425,0,3,62.6585056,-26.9669065,23669.22255,0.173170079,0
1731308425,0,3,62.6331655,-27.08227497,24152.26293,0.210436307,0
1731308426,0,3,62.60080988,-27.19320254,24635.31726,0.198366996,0
1731308426,0,3,62.55789424,-27.30406934,25118.37314,0.212622685,0
1731308427,0,3,62.53553061,-27.4011155,25601.37989,0.18845921,0
1731308427,0,3,62.52275479,-27.49656298,26084.44724,0.227146074,0
1731308428,0,3,62.49018863,-27.62134856,26567.4775,0.213867198,0
1731308428,0,3,62.46035738,-27.70153737,27050.54183,0.211660759,0
1731308429,0,3,62.42507101,-27.81160619,27533.57647,0.226050454,0
1731308429,0,3,62.39991986,-27.91900372,28016.62471,0.22750792,0
1731308430,0,3,62.36567025,-28.02793548,28499.65685,0.248239817,0
1731308430,0,3,62.331539,-28.12993464,28982.71067,0.237318638,0
1731308431,0,3,62.31483075,-28.22302731,29465.76108,0.259174179,0
1731308431,0,3,62.2706876,-28.334112,29948.81899,0.252874918,0
1731308432,0,3,62.23541042,-28.4416708,30431.84274,0.262542368,0
1731308432,0,3,62.22519084,-28.53580328,30914.89042,0.257602422,0
1731308433,0,3,62.1953661,-28.63923653,31397.95062,0.274370178,0
1731308433,0,3,62.1372516,-28.7606397,31880.97783,0.254138575,0
1731308434,0,3,62.1293347,-28.84626265,32364.0431,0.270836604,0
1731308434,0,3,62.07247296,-28.93078999,32847.07683,0.269761282,0
1731308435,0,3,62.07357401,-29.05494028,33330.12521,0.291717328,0
1731308435,0,3,62.02350359,-29.18045607,33813.1711,0.29676677,0
1731308436,0,3,62.01064532,-29.26552176,34296.20651,0.285805934,0
1731308436,0,3,61.9666165,-29.38943318,34779.26182,0.276912071,0
1731308437,0,3,61.9460562,-29.44328083,35262.29545,0.298123435,0
1731308437,0,3,61.89888212,-29.55642731,35745.3434,0.281231764,0
1731308438,0,3,61.87984324,-29.68927296,36228.39925,0.318164755,0
1731308438,0,3,61.85201515,-29.80889976,36711.44185,0.301196981,0
1731308439,0,3,61.83218708,-29.89905631,37194.48342,0.309648327,0
1731308439,0,3,61.81048017,-29.99591202,37677.51683,0.307169796,0
1731308440,0,3,61.76830627,-30.11555027,38160.56457,0.308986889,0
1731308440,0,3,61.7354379,-30.20245137,38643.62268,0.329403102,0
1731308441,0,3,61.69214225,-30.30746645,39126.67248,0.324469437,0
1731308441,0,3,61.65819947,-30.40816863,39609.69931,0.330505653,0
1731308442,0,3,61.64425082,-30.51095324,40092.74726,0.324067316,0
1731308442,0,3,61.613667,-30.62673538,40575.80225,0.346692278,0
1731308443,0,3,61.58835238,-30.72944286,41058.84728,0.351734958,0
1731308443,0,3,61.55928331,-30.82428231,41541.87517,0.344093008,0
1731308444,0,3,61.52580475,-30.93487767,42024.93827,0.36288704,0
1731308444,0,3,61.47748786,-31.02332231,42507.97592,0.353191891,0
1731308445,0,3,61.47104585,-31.13586783,42991.04356,0.366056251,0
1731308445,0,3,61.431029,-31.22140626,43474.07489,0.346054682,0
1731308446,0,3,61.39249012,-31.33568098,43957.12187,0.369843658,0
1731308446,0,3,61.36785796,-31.43667818,44440.16737,0.367619913,0
1731308447,0,3,61.32798021,-31.55021917,44923.19601,0.375915191,0
1731308447,0,3,61.30848883,-31.65380073,45406.27284,0.379492431,0
1731308448,0,3,61.28939952,-31.74189065,45889.28242,0.383667685,0
1731308448,0,3,61.24857742,-31.8668163,46372.35185,0.392593273,0
1731308449,0,3,61.21319971,-31.9613951,46855.39533,0.384809891,0
1731308449,0,3,61.18919586,-32.07335478,47338.42962,0.400177706,0
1731308450,0,3,61.16634928,-32.17720828,47821.48631,0.410837635,0
1731308450,0,3,61.11820784,-32.29004039,48304.52171,0.388436271,0
1731308451,0,3,61.09147303,-32.38960609,48787.56338,0.398757627,0
1731308451,0,3,61.0728959,-32.49529316,49270.62008,0.403203146,0
1731308452,0,3,61.02909336,-32.58389629,49753.65057,0.403693297,0
1731308452,0,3,61.03100097,-32.68326743,50236.70364,0.413892219,0
1731308453,0,3,60.97997847,-32.79844654,50719.74519,0.432995728,0
1731308453,0,3,60.94240398,-32.89903224,51202.79302,0.441165811,0
1731308454,0,3,60.91326232,-33.00668275,51685.84596,0.431777133,0
1731308454,0,3,60.88656666,-33.11709531,52168.88094,0.431498314,0
1731308455,0,3,60.85566162,-33.20419443,52651.93021,0.446795325,0
1731308455,0,3,60.81040592,-33.31012123,53134.97235,0.419151751,0
1731308456,0,3,60.81392134,-33.43940155,53618.03707,0.436265191,0
1731308456,0,3,60.77109112,-33.52713669,54101.0713,0.427625957,0
1731308457,0,3,60.74093421,-33.63695539,54584.11533,0.444210631,0
1731308457,0,3,60.71934872,-33.73587402,55067.16521,0.451222868,0
1731308458,0,3,60.67058596,-33.84249846,55550.19768,0.477695133,0
1731308458,0,3,60.64351075,-33.94008786,56033.25747,0.439333193,0
1731308459,0,3,60.6256302,-34.04675232,56516.29758,0.466802121,0
1731308459,0,3,60.59037428,-34.1507941,56999.32376,0.481190029,0
1731308460,0,3,60.5644291,-34.24003832,57482.37034,0.483127059,0
1731308460,0,3,60.53014122,-34.34936993,57965.42415,0.497662583,0
1731308461,0,3,60.49849031,-34.46581018,58448.46191,0.488681031,0
1731308461,0,3,60.48520128,-34.56815621,58931.51798,0.494838765,0
1731308462,0,3,60.45148608,-34.66151233,59414.55548,0.476736227,0
1731308462,0,3,60.38580257,-34.76535558,59897.60989,0.48926406,0
1731308463,0,3,60.39555546,-34.88012709,60380.67023,0.485345204,0
1731308463,0,3,60.37230148,-34.98025871,60863.70087,0.512923588,0
1731308464,0,3,60.332994,-35.06328026,61346.74358,0.514709768,0
1731308464,0,3,60.28849499,-35.19144331,61829.79574,0.518383678,0
1731308465,0,3,60.25370831,-35.2702993,62312.83014,0.510459248,0
1731308465,0,3,60.2378406,-35.38220019,62795.89079,0.513569592,0
1731308466,0,3,60.19433359,-35.47981221,63278.93256,0.529418907,0
1731308466,0,3,60.1740479,-35.60718661,63761.97324,0.524655917,0
1731308467,0,3,60.14022951,-35.70641096,64245.01965,0.525171118,0
1731308467,0,3,60.12259084,-35.81304656,64728.08377,0.534316804,0
1731308468,0,3,60.07647777,-35.9011169,65211.11803,0.536818563,0
1731308468,0,3,60.04590635,-36.02189079,65694.17585,0.538784236,0
1731308469,0,3,60.02407865,-36.11273131,66177.20442,0.539219025,0
1731308469,0,3,60.0095968,-36.21708998,66660.22963,0.559988811,0
1731308470,0,3,59.96103013,-36.32818279,67143.28698,0.575087886,0
1731308470,0,3,59.92601788,-36.41854541,67626.31784,0.563162607,0
1731308471,0,3,59.90871949,-36.53428472,68109.38538,0.569802553,0
1731308471,0,3,59.87728776,-36.63085018,68592.4328,0.576967385,0
1731308472,0,3,59.83055378,-36.74796758,69075.46173,0.579294505,0
1731308472,0,3,59.80466891,-36.85408443,69558.50929,0.571185121,0
1731308473,0,3,59.79095782,-36.94336812,70041.56258,0.60087815,0
1731308473,0,3,59.75423467,-37.05020069,70524.59436,0.580131848,0
1731308474,0,3,59.69521957,-37.15590553,71007.63886,0.598211207,0
1731308474,0,3,59.69469837,-37.265605,71490.70922,0.601057823,0
1731308475,0,3,59.66910516,-37.35050554,71973.74323,0.580196778,0
1731308475,0,3,59.6214268,-37.48099301,72456.78175,0.60021805,0
1731308476,0,3,59.60653649,-37.58537009,72939.81566,0.608398082,0
1731308476,0,3,59.58844984,-37.66806451,73422.88636,0.613188898,0
1731308477,0,3,59.54365241,-37.77271473,73905.91624,0.61889684,0
1731308477,0,3,59.50339452,-37.88160758,74388.98694,0.627484853,0
1731308478,0,3,59.47438809,-37.99185424,74872.02217,0.623858364,0
1731308478,0,3,59.44970506,-38.08778001,75355.05075,0.631504932,0
1731308479,0,3,59.42331443,-38.17942545,75838.09692,0.631534595,0
1731308479,0,3,59.390127,-38.2753078,76321.16655,0.625836385,0
1731308480,0,3,59.36447674,-38.42085691,76804.19373,0.640358962,0
1731308480,0,3,59.32795334,-38.51231149,77287.23469,0.651551188,0
1731308481,0,3,59.30119104,-38.61676954,77770.28535,0.659173595,0
1731308481,0,3,59.27899493,-38.69951613,78253.32514,0.657484199,0
1731308482,0,3,59.22866053,-38.84442378,78736.37798,0.669479986,0
1731308482,0,3,59.21035798,-38.918302,79219.42006,0.664350481,0
1731308483,0,3,59.18029051,-39.02983797,79702.47482,0.672826088,0
1731308483,0,3,59.15840156,-39.11471825,80185.50743,0.677586473,0
1731308484,0,3,59.11688969,-39.2199185,80668.54772,0.670004392,0
1731308484,0,3,59.09564941,-39.33510334,81151.59833,0.683523354,0
1731308485,0,3,59.07010782,-39.45838515,81634.64351,0.670882247,0
1731308485,0,3,59.01054493,-39.55215633,82117.69154,0.68781222,0
1731308486,0,3,59.01069129,-39.65489086,82600.74391,0.694109791,0
1731308486,0,3,58.95911318,-39.76734101,83083.78861,0.702875856,0
1731308487,0,3,58.92798961,-39.84636013,83566.84006,0.704597927,0
1731308487,0,3,58.88009646,-39.97626976,84049.86519,0.711056685,0
1731308488,0,3,58.87082127,-40.04591173,84532.92245,0.703447217,0
1731308488,0,3,58.8487665,-40.14976629,85015.97108,0.705012494,0
1731308489,0,3,58.81494385,-40.27707464,85499.00231,0.709742698,0
1731308489,0,3,58.78411383,-40.3737686,85982.05223,0.719179939,0
1731308490,0,3,58.74757615,-40.4816059,86465.08205,0.70245488,0
1731308490,0,3,58.73733543,-40.57569433,86948.15387,0.737885519,0
1731308491,0,3,58.70820929,-40.67579532,87431.1879,0.729031966,0
1731308491,0,3,58.67276836,-40.78979164,87914.24337,0.728468679,0
1731308492,0,3,58.61968391,-40.89150995,88397.28261,0.71134686,0
1731308492,0,3,58.63124466,-41.00623668,88880.32395,0.740301231,0
1731308493,0,3,58.57994297,-41.09949301,89363.35512,0.742709861,0
1731308493,0,3,58.55383133,-41.20606204,89846.40215,0.739749554,0
1731308494,0,3,58.5034143,-41.32063712,90329.43561,0.746014828,0
1731308494,0,3,58.48824484,-41.41548906,90812.50117,0.756504477,0
1731308495,0,3,58.46245484,-41.52301003,91295.57483,0.754914092,0
1731308495,0,3,58.42687433,-41.62910268,91778.58441,0.770540317,0
1731308496,0,3,58.40696695,-41.73830215,92261.61623,0.761358966,0
1731308496,0,3,58.3812108,-41.83004172,92744.69742,0.774418563,0
1731308497,0,3,58.32473413,-41.942301,93227.75668,0.788698426,0
1731308497,0,3,58.31663259,-42.04303686,93710.78127,0.780557219,0
1731308498,0,3,58.2820368,-42.13140405,94193.82642,0.788508325,0
1731308498,0,3,58.24800846,-42.23966365,94676.86569,0.791900395,0
1731308499,0,3,58.20230931,-42.35960199,95159.89609,0.793079103,0
1731308499,0,3,58.20277794,-42.45012492,95642.94478,0.796354468,0
1731308500,0,3,58.16190921,-42.55614554,96126.00136,0.795336269,0
1731308500,0,3,58.11007098,-42.6442859,96609.0447,0.806585495,0
1731308501,0,3,58.09543416,-42.75130093,97092.09388,0.806268107,0
1731308501,0,3,58.07109976,-42.88429938,97575.14857,0.82858714,0
1731308502,0,3,58.04285529,-42.96418013,98058.17971,0.82526293,0
1731308502,0,3,58.00647551,-43.06396895,98541.23927,0.806649035,0
1731308503,0,3,57.98112948,-43.17485684,99024.27027,0.811230672,0
1731308503,0,3,57.96886445,-43.28763407,99507.33166,0.827923165,0
1731308504,0,3,57.93310298,-43.36397553,99990.36739,0.829300007,0
1731308504,0,3,57.87810444,-43.48542489,100473.4074,0.835446456,0
1731308505,0,3,57.85159267,-43.57600305,100956.4577,0.847815429,0
1731308505,0,3,57.82641162,-43.68608322,101439.4993,0.84848652,0
1731308506,0,3,57.77999498,-43.79878618,101922.5487,0.852410864,0
1731308506,0,3,57.75403366,-43.91305405,102405.6003,0.86784195,0
1731308507,0,3,57.72119277,-44.0113276,102888.6371,0.843516394,0
1731308507,0,3,57.69589453,-44.11713519,103371.6796,0.862470051,0
1731308508,0,3,57.69122978,-44.23089077,103854.7173,0.859665452,0
1731308508,0,3,57.63874336,-44.31607228,104337.7796,0.883835854,0
1731308509,0,3,57.60698717,-44.41073108,104820.8225,0.851413338,0
1731308509,0,3,57.59604818,-44.53321716,105303.8524,0.855877288,0
1731308510,0,3,57.55268877,-44.61242707,105786.9179,0.884604012,0
1731308510,0,3,57.53133023,-44.75346898,106269.9428,0.896845822,0
1731308511,0,3,57.48982406,-44.83117903,106753.0103,0.897340962,0
1731308511,0,3,57.44904899,-44.92883698,107236.0521,0.88562396,0
1731308512,0,3,57.44170706,-45.051422,107719.0947,0.91272334,0
1731308512,0,3,57.39147757,-45.15507177,108202.132,0.889369746,0
1731308513,0,3,57.37184899,-45.24661307,108685.1868,0.918784732,0
1731308513,0,3,57.33958643,-45.35581033,109168.237,0.898743026,0
1731308514,0,3,57.31883142,-45.48467386,109651.2774,0.910242403,0
1731308514,0,3,57.28128053,-45.576963,110134.31,0.924178612,0
1731308515,0,3,57.25552464,-45.67249428,110617.3647,0.907149294,0
1731308515,0,3,57.21115844,-45.78988528,111100.4186,0.940527055,0
1731308516,0,3,57.21672951,-45.88475955,111583.4745,0.926282849,0
1731308516,0,3,57.15468673,-45.99729418,112066.4957,0.935260225,0
1731308517,0,3,57.14866387,-46.09137854,112549.5516,0.949534938,0
1731308517,0,3,57.10811042,-46.19487258,113032.5996,0.934007076,0
1731308518,0,3,57.07798317,-46.29181832,113515.6254,0.956571682,0
1731308518,0,3,57.05008031,-46.40008297,113998.6966,0.966394474,0
1731308519,0,3,56.99769501,-46.497967,114481.7133,0.947458488,0
1731308519,0,3,56.99612407,-46.60298897,114964.7773,0.971733688,0
1731308520,0,3,56.95131272,-46.70034052,115447.8175,0.94445936,0
1731308520,0,3,56.93848817,-46.80574561,115930.8603,0.969986506,0
1731308521,0,3,56.89483384,-46.91063171,115930.8852,0.953804725,0
1731308521,0,3,56.862563,-46.99109379,115930.8567,0.975516158,0
1731308522,0,3,56.82335808,-47.12249795,115930.8566,0.974695032,0
1731308522,0,3,56.79857716,-47.20386578,115930.8731,0.986864409,0
1731308523,0,3,56.78041741,-47.32950882,115930.8674,0.980303391,0
1731308523,0,3,56.73307715,-47.43828903,115930.8726,0.964432893,0
1731308524,0,3,56.69621231,-47.54502169,115930.8609,0.955273033,0
1731308524,0,3,56.67750483,-47.63002229,115930.8629,0.971747395,0
1731308525,0,3,56.66444239,-47.73254403,115930.8787,0.965483342,0
1731308525,0,3,56.64381727,-47.84678074,115930.8514,0.981601979,0
1731308526,0,3,56.58919222,-47.94527263,115930.8587,0.944426681,0
1731308526,0,3,56.55044011,-48.07320981,115930.8677,0.987971132,0
1731308527,0,3,56.53245912,-48.17975492,115930.8578,0.971410388,0
1731308527,0,3,56.50769098,-48.25563337,115930.854,0.957960329,0
1731308528,0,3,56.48159342,-48.37319427,115930.8659,0.973430442,0
1731308528,0,3,56.46712288,-48.46826264,115930.8731,0.979064823,0
1731308529,0,3,56.41800697,-48.58675806,115930.8583,0.967233955,0
1731308529,0,3,56.40225511,-48.66684481,115930.8581,0.94844128,0
1731308530,0,3,56.35103326,-48.8026484,115930.8533,0.963151973,0
1731308530,0,3,56.32649019,-48.90492957,115930.8568,0.976484424,0
1731308531,0,3,56.28965772,-48.98046012,115930.8706,0.971057235,0
1731308531,0,3,56.25874852,-49.12483117,115930.8605,0.964525434,0
1731308532,0,3,56.23287653,-49.19877658,115930.8517,0.979173589,0
1731308532,0,3,56.20266605,-49.30746504,115930.8624,0.973483578,0
1731308533,0,3,56.16939486,-49.41758081,115930.8702,0.974253977,0
1731308533,0,3,56.13990411,-49.51605021,115930.8541,0.961984104,0
1731308534,0,3,56.12632662,-49.62635556,115930.8465,0.96101655,0
1731308534,0,3,56.10645179,-49.70628728,115930.8816,0.949091083,0
1731308535,0,3,56.05029862,-49.80749438,115930.846,0.963496465,0
1731308535,0,3,56.02200075,-49.93622624,115930.8561,0.975444388,0
1731308536,0,3,56.00045281,-50.03044313,115930.8621,0.964049584,0
1731308536,0,3,55.99703908,-50.15027866,115930.857,0.970545864,0
1731308537,0,3,55.93597239,-50.23012689,115930.859,0.977202485,0
1731308537,0,3,55.91481911,-50.33421683,115930.8655,0.969818876,0
1731308538,0,3,55.89049954,-50.45146906,115930.8358,0.970795446,0
1731308538,0,3,55.84845749,-50.5521771,115930.8471,0.952512168,0
1731308539,0,3,55.82424115,-50.65711312,115930.8602,0.962864854,0
1731308539,0,3,55.79101923,-50.77618956,115930.8557,0.983356729,0
1731308540,0,3,55.76522799,-50.84837445,115930.861,0.96712848,0
1731308540,0,3,55.71452086,-50.97533354,115930.862,0.985057899,0
1731308541,0,3,55.69686973,-51.07909502,115930.8386,0.958859165,0
1731308541,0,3,55.66960109,-51.17682724,115930.8725,0.968430078,0
1731308542,0,3,55.63942151,-51.26919707,115930.8548,0.962263672,0
1731308542,0,3,55.61608313,-51.3888951,115930.8511,0.972010273,0
1731308543,0,3,55.57914387,-51.50633343,115930.8618,0.975040602,0
1731308543,0,3,55.5331875,-51.59951108,115930.8608,0.972115168,0
1731308544,0,3,55.52051216,-51.69022921,115930.8717,0.976509119,0
1731308544,0,3,55.47573023,-51.77640262,115930.8625,0.965958791,0
1731308545,0,3,55.44752926,-51.91472884,115930.8713,0.964185311,0
1731308545,0,3,55.42029997,-52.01892417,115930.8504,0.94850849,0
1731308546,0,3,55.39333289,-52.12491462,115930.8612,0.972475019,0
1731308546,0,3,55.34897184,-52.22998543,115930.8486,0.967812246,0
1731308547,0,3,55.34554004,-52.30539078,115930.8607,0.965411359,0
1731308547,0,3,55.29277797,-52.40633032,115930.8586,0.964182314,0
1731308548,0,3,55.28999625,-52.52332917,115930.8582,0.965721689,0
1731308548,0,3,55.23300764,-52.63361337,115930.8583,0.963728124,0
1731308549,0,3,55.22703838,-52.71485432,115930.8671,0.960810221,0
1731308549,0,3,55.18389698,-52.83485619,115930.8437,0.968486253,0
1731308550,0,3,55.13697897,-52.92953041,115930.8507,0.970932014,0
1731308550,0,3,55.11367562,-53.04941879,115930.8593,0.958384815,0
1731308551,0,3,55.10733196,-53.14764137,115930.848,0.962083044,0
1731308551,0,3,55.06851575,-53.26428674,115930.8602,0.964044284,0
1731308552,0,3,55.03320397,-53.34945035,115930.8592,0.966138627,0
1731308552,0,3,54.98178569,-53.45766298,115930.8457,0.964808526,0
1731308553,0,3,54.98781098,-53.5723475,115930.8452,0.972687589,0
1731308553,0,3,54.96258157,-53.67604245,115930.8335,0.949566609,0
1731308554,0,3,54.93071952,-53.75490131,115930.8475,0.951340024,0
1731308554,0,3,54.87764892,-53.85517372,115930.8599,0.968026193,0
1731308555,0,3,54.85759138,-53.98085128,115930.8613,0.960063652,0
1731308555,0,3,54.82864682,-54.0818719,115930.8618,0.974932938,0
1731308556,0,3,54.7784129,-54.18237781,115930.852,0.977788443,0
1731308556,0,3,54.76545436,-54.28872815,115930.8596,0.968427968,0
1731308557,0,3,54.74432187,-54.41078096,115930.8637,0.955370782,0
1731308557,0,3,54.71121826,-54.49358879,115930.8471,0.976636327,0
1731308558,0,3,54.66242385,-54.6225759,115930.861,0.968079535,0
1731308558,0,3,54.63487136,-54.71285337,115930.8663,0.951221193,0
1731308559,0,3,54.62136547,-54.80430177,115930.8548,0.95210526,0
1731308559,0,3,54.58975007,-54.90718561,115930.8704,0.981260054,0
1731308560,0,3,54.53084197,-55.0251158,115930.8551,0.979601818,0
1731308560,0,3,54.49877965,-55.12542895,115930.8511,0.940918995,0
1731308561,0,3,54.49254228,-55.23061246,115930.8653,0.952512635,0
1731308561,0,3,54.45737309,-55.32953205,115930.8801,0.977499222,0
1731308562,0,3,54.43024862,-55.43260107,115930.8606,0.965905579,0
1731308562,0,3,54.39908074,-55.52947796,115930.8661,0.973109044,0
1731308563,0,3,54.3829959,-55.64516112,115930.8547,0.965470928,0
1731308563,0,3,54.34415336,-55.74008771,115930.8473,0.972635319,0
1731308564,0,3,54.31575606,-55.84258103,115930.8614,0.966148847,0
1731308564,0,3,54.26961859,-55.9494978,115930.863,0.961714442,0
1731308565,0,3,54.21936278,-56.05790627,115930.8562,0.976677906,0
1731308565,0,3,54.23420117,-56.15733327,115930.866,0.968111097,0
1731308566,0,3,54.21435982,-56.25545184,115930.8532,0.97261433,0
1731308566,0,3,54.1594639,-56.35840691,115930.8507,0.967664902,0
1731308567,0,3,54.13534495,-56.45247454,115930.8703,0.961227017,0
1731308567,0,3,54.10605901,-56.58435805,115930.8704,0.98217448,0
1731308568,0,3,54.08952877,-56.68268737,115930.8534,0.969640127,0
1731308568,0,3,54.0516277,-56.7982515,115930.8769,0.962540155,0
1731308569,0,3,54.01766052,-56.87663623,115930.8569,0.978873769,0
1731308569,0,3,53.98321761,-56.99312092,115930.8606,0.952882267,0
1731308570,0,3,53.95322624,-57.09154345,115930.8589,0.988453327,0
1731308570,0,3,53.90819131,-57.20347825,115930.865,0.964299044,0
1731308571,0,3,53.88871307,-57.30453142,115930.8625,0.953410378,0
1731308571,0,3,53.87137198,-57.392862,115930.8623,0.985149933,0
1731308572,0,3,53.83013495,-57.50198108,115930.8495,0.961458737,0
1731308572,0,3,53.8028775,-57.61386815,115930.8429,0.968522803,0
1731308573,0,3,53.76063474,-57.7089043,115930.8712,0.9732675,0
1731308573,0,3,53.7468131,-57.81251295,115930.8543,0.977932178,0
1731308574,0,3,53.69770248,-57.92815572,115930.8592,0.969088239,0
1731308574,0,3,53.6851809,-58.04276178,115930.863,0.959617371,0
1731308575,0,3,53.65037184,-58.14089211,115930.876,0.968280559,0
1731308575,0,3,53.60477325,-58.2491353,115930.8614,0.961897356,0
1731308576,0,3,53.6028629,-58.32791518,115930.8558,0.968580582,0
1731308576,0,3,53.56049148,-58.43000789,115930.8545,0.98237195,0
1731308577,0,3,53.55069993,-58.53135482,115930.8594,0.973649747,0
1731308577,0,3,53.51683669,-58.67124363,115930.8506,0.968156886,0
1731308578,0,3,53.46322151,-58.74416357,115930.86,0.973475409,0
1731308578,0,3,53.43406101,-58.83658519,115930.8592,0.9741913,0
1731308579,0,3,53.40022046,-58.95141674,115930.8762,0.955311894,0
1731308579,0,3,53.36603761,-59.08787842,115930.8589,0.966507718,0
1731308580,0,3,53.34764249,-59.15251266,115930.8405,0.991715614,0
1731308580,0,3,53.33626375,-59.27360827,115930.8865,0.97821893,0
1731308581,0,3,53.27263922,-59.38017866,115930.8693,0.961056222,0
1731308581,0,3,53.27026976,-59.47717323,115930.8806,0.960058592,0
1731308582,0,3,53.23939572,-59.59600377,115930.8482,0.959725144,0
1731308582,0,3,53.20722127,-59.68931539,115930.8575,0.974753679,0
1731308583,0,3,53.1789681,-59.77696843,115930.8665,0.982166963,0
1731308583,0,3,53.13055616,-59.89077827,115930.8651,0.971912213,0
1731308584,0,3,53.11917612,-60.00024774,115930.8628,0.967662147,0
1731308584,0,3,53.07602983,-60.10376519,115930.8377,0.961648761,0
1731308585,0,3,53.0268925,-60.22030472,115930.8426,0.969384087,0
1731308585,0,3,53.02202058,-60.31382018,115930.8749,0.957889407,0
1731308586,0,3,52.98296739,-60.43249277,115930.8767,0.946732984,0
1731308586,0,3,52.97495865,-60.50975492,115930.8587,0.982458746,0
1731308587,0,3,52.92846904,-60.64566595,115930.8736,0.956032487,0
1731308587,0,3,52.9017506,-60.71908935,115930.8495,0.962842089,0
1731308588,0,3,52.87514833,-60.82167376,115930.8518,0.972654006,0
1731308588,0,3,52.83854455,-60.92210974,115930.8487,0.980435075,0
1731308589,0,3,52.81014216,-61.03825831,115930.8512,0.968661734,0
1731308589,0,3,52.78957833,-61.13379013,115930.867,0.954153448,0
1731308590,0,3,52.74044139,-61.24838339,115930.8511,0.963076961,0
1731308590,0,3,52.71404849,-61.36248241,115930.8821,0.95930583,0
1731308591,0,3,52.68135753,-61.43913763,115930.8643,0.965708426,0
1731308591,0,3,52.67535821,-61.55924333,115930.8706,0.978410433,0
1731308592,0,3,52.62393568,-61.6761991,115930.8646,0.940716653,0
1731308592,0,3,52.59948186,-61.77060165,115930.8719,0.961976701,0
1731308593,0,3,52.56487067,-61.87403626,115930.8511,0.961249929,0
1731308593,0,3,52.53775695,-61.96897556,115930.8742,0.953523005,0
1731308594,0,3,52.50342645,-62.05395157,115930.8611,0.971945417,0
1731308594,0,3,52.48539001,-62.17602737,115930.8718,0.95194084,0
1731308595,0,3,52.44031628,-62.28301263,115930.8453,0.953091435,0
1731308595,0,3,52.40716229,-62.36435282,115930.8615,0.974601205,0
1731308596,0,3,52.38506461,-62.48295116,115930.8612,0.981096224,0
1731308596,0,3,52.35262848,-62.59402712,115930.8535,0.965329479,0
1731308597,0,3,52.3171944,-62.70519325,115930.8629,0.953916563,0
1731308597,0,3,52.29730114,-62.80106664,115930.8751,0.959035085,0
1731308598,0,3,52.25389571,-62.90872206,115930.8528,0.976170459,0
1731308598,0,3,52.25773638,-63.01097333,115930.8694,0.96725496,0
1731308599,0,3,52.19549491,-63.10257316,115930.8485,0.965080016,0
1731308599,0,3,52.17391994,-63.22494992,115930.8808,0.969221171,0
1731308600,0,3,52.14630941,-63.31824081,115930.8676,0.965713964,0
1731308600,0,3,52.13715382,-63.41771633,115930.877,0.981547765,0
1731308601,0,3,52.07296584,-63.53765637,115930.8665,0.958599121,0
1731308601,0,3,52.06165151,-63.64309097,115930.8636,0.957450939,0
1731308602,0,3,52.04056461,-63.74019769,115930.8677,0.952256029,0
1731308602,0,3,51.99705761,-63.84714008,115930.8584,0.96069061,0
1731308603,0,3,51.95841889,-63.93482997,115930.8436,0.955170608,0
1731308603,0,3,51.93899923,-64.0602005,115930.8642,0.96827129,0
1731308604,0,3,51.92531211,-64.15332762,115930.8522,0.966299909,0
1731308604,0,3,51.87384525,-64.23238136,115930.8487,0.955299651,0
1731308605,0,3,51.86432697,-64.35754079,115930.8661,0.971981944,0
1731308605,0,3,51.82251382,-64.45970797,115930.8569,0.981258603,0
1731308606,0,3,51.80221431,-64.55772356,115930.87,0.969668967,0
1731308606,0,3,51.76203801,-64.67778939,115930.8518,0.94065545,0
1731308607,0,3,51.72496944,-64.78780361,115930.855,0.985961768,0
1731308607,0,3,51.71616382,-64.87905382,115930.8712,0.973559828,0
1731308608,0,3,51.67198959,-64.98199441,115930.8625,0.985654704,0
1731308608,0,3,51.64136355,-65.10466007,115930.845,0.976997611,0
1731308609,0,3,51.61773683,-65.18855675,115930.8623,0.978995673,0
1731308609,0,3,51.58886481,-65.28543848,115930.8745,0.96814329,0
1731308610,0,3,51.55771387,-65.40909598,115930.855,0.963467498,0
1731308610,0,3,51.5060401,-65.49944046,115930.8657,0.96982536,0
1731308611,0,3,51.48313698,-65.59870289,115930.8512,0.959002576,0
1731308611,0,3,51.45290607,-65.70558826,115930.8584,0.970429295,0
1731308612,0,3,51.42164257,-65.8084745,115930.8706,0.939822726,0
1731308612,0,3,51.39067435,-65.92156207,115930.8619,0.966519839,0
1731308613,0,3,51.36264717,-66.03421863,115930.8726,0.979537366,0
1731308613,0,3,51.34267891,-66.13124457,115930.864,0.967033619,0
1731308614,0,3,51.31422554,-66.23646319,115930.8819,0.98336551,0
1731308614,0,3,51.2792271,-66.33523472,115930.8441,0.963452914,0
1731308615,0,3,51.24494516,-66.42732893,115930.8576,0.976116989,0
1731308615,0,3,51.23192213,-66.55520956,115930.8489,0.957307707,0
1731308616,0,3,51.18821385,-66.64447817,115930.8496,0.975709979,0
1731308616,0,3,51.16846226,-66.7603842,115930.8497,0.968416363,0
1731308617,0,3,51.12336029,-66.86098017,115930.8614,0.963893007,0
1731308617,0,3,51.10315269,-66.95182181,115930.862,0.940351696,0
1731308618,0,3,51.08239847,-67.07313818,115930.864,0.963546766,0
1731308618,0,3,51.01285172,-67.1577258,115930.8485,0.968224934,0
1731308619,0,3,51.00235077,-67.2824194,115930.8565,0.974377565,0
1731308619,0,3,50.98480106,-67.36605747,115930.8501,0.981699915,0
1731308620,0,3,50.9609538,-67.4920521,115930.8691,0.986440903,0
1731308620,0,3,50.92081881,-67.58656443,115930.851,0.978553099,0
1731308621,0,3,50.88924542,-67.66525087,115930.8576,0.960469577,0
1731308621,0,3,50.87481749,-67.77095987,115930.8653,0.963042504,0
1731308622,0,3,50.84141366,-67.89600009,115930.8536,0.973479601,0
1731308622,0,3,50.78994992,-67.99180475,115930.8667,0.9712867,0
1731308623,0,3,50.76976187,-68.08749319,115930.8757,0.98237409,0
1731308623,0,3,50.74216147,-68.19655043,115930.8616,0.990884408,0
1731308624,0,3,50.72570779,-68.30992754,115930.8688,0.988762375,0
1731308624,0,3,50.68714452,-68.41850877,115930.839,0.981029707,0
1731308625,0,3,50.64741007,-68.5061709,115930.8554,0.971369489,0
1731308625,0,3,50.62060859,-68.60737441,115930.8616,0.979583764,0
1731308626,0,3,50.56953103,-68.70535394,115930.8492,0.98270482,0
1731308626,0,3,50.56801817,-68.84321297,115930.8618,0.964617511,0
1731308627,0,3,50.53475123,-68.94270124,115930.8703,0.960763976,0
1731308627,0,3,50.51037748,-69.02238027,115930.8409,0.958416131,0
1731308628,0,3,50.46677744,-69.15334432,115930.8478,0.957326551,0
1731308628,0,3,50.43946036,-69.22927303,115930.8616,0.95227056,0
1731308629,0,3,50.40332858,-69.34763737,115930.8643,0.968589553,0
1731308629,0,3,50.36662344,-69.4545267,115930.8671,0.956093031,0
1731308630,0,3,50.34204344,-69.55109279,115930.8608,0.958255285,0
1731308630,0,3,50.29983502,-69.67043027,115930.8644,0.973103092,0
1731308631,0,3,50.29713609,-69.75256595,115930.8688,0.967906664,0
1731308631,0,3,50.23620323,-69.84773925,115930.8556,0.970386713,0
1731308632,0,3,50.2482355,-69.95975937,115930.8537,0.979741935,0
1731308632,0,3,50.18023482,-70.07475973,115930.8581,0.974735783,0
1731308633,0,3,50.18283699,-70.19150452,115930.8617,0.98127938,0
1731308633,0,3,50.12871958,-70.29494955,115930.8532,0.966890208,0
1731308634,0,3,50.11337247,-70.39707962,115930.8558,0.982208371,0
1731308634,0,3,50.07019969,-70.48773549,115930.8637,0.969687899,0
1731308635,0,3,50.06442366,-70.59030822,115930.8613,0.967777574,0
1731308635,0,3,50.01808522,-70.6865873,115930.8579,0.980705744,0
1731308636,0,3,49.99834703,-70.81706154,115930.8423,0.957368816,0
1731308636,0,3,49.95833271,-70.88981866,115930.8597,0.986326503,0
1731308637,0,3,49.93106385,-70.99981621,115930.85,0.963269417,0
1731308637,0,3,49.90365733,-71.11385815,115930.8696,0.9539095,0
1731308638,0,3,49.86217104,-71.22631692,115930.8566,0.972625492,0
1731308638,0,3,49.82461739,-71.30575741,115930.8498,0.9623172,0
1731308639,0,3,49.79436628,-71.42507927,115930.8591,0.986348564,0
1731308639,0,3,49.77785276,-71.52610803,115930.8724,0.961761596,0
1731308640,0,3,49.74241995,-71.62590124,115930.866,0.96923504,0
1731308640,0,3,49.6958098,-71.74269886,115930.8619,0.951834583,0
1731308641,0,3,49.6923598,-71.84021819,115930.8465,0.97421953,0
1731308641,0,3,49.64500751,-71.93257273,115930.876,0.958316732,0
1731308642,0,3,49.61555117,-72.03741446,115930.8535,0.973023693,0
1731308642,0,3,49.59670018,-72.14115386,115930.8691,0.961807123,0
1731308643,0,3,49.5580773,-72.26426624,115930.8565,0.945621124,0
1731308643,0,3,49.53826553,-72.35890976,115930.8681,0.967402469,0
1731308644,0,3,49.5267371,-72.46433741,115930.8728,0.966954892,0
1731308644,0,3,49.47317393,-72.5599512,115930.8662,0.974901268,0
1731308645,0,3,49.43633073,-72.66467592,115930.8673,0.981650567,0
1731308645,0,3,49.41870361,-72.77030774,115930.8588,0.985214584,0
1731308646,0,3,49.37909824,-72.85103419,115930.8554,0.974732004,0
1731308646,0,3,49.35705009,-72.98242911,115930.8611,0.968876701,0
1731308647,0,3,49.32993096,-73.08742879,115930.8563,0.951817134,0
1731308647,0,3,49.29638464,-73.19874757,115930.8844,0.968110913,0
1731308648,0,3,49.26726422,-73.30638806,115930.8498,0.968239817,0
1731308648,0,3,49.23858155,-73.40704228,115930.8698,0.964104179,0
1731308649,0,3,49.22259379,-73.50585544,115930.8649,0.972420217,0
1731308649,0,3,49.17405549,-73.5893974,115930.862,0.977309574,0
1731308650,0,3,49.14782104,-73.70593601,115930.8745,0.957906582,0
1731308650,0,3,49.12517721,-73.80822385,115930.8627,0.957750679,0
1731308651,0,3,49.0911811,-73.91494941,115930.8534,0.964697525,0
1731308651,0,3,49.05285066,-74.01416318,115930.8627,0.95993823,0
1731308652,0,3,49.0354134,-74.10762498,115930.8579,0.949677951,0
1731308652,0,3,48.98764432,-74.24541453,115930.8648,0.956124612,0
1731308653,0,3,48.96405131,-74.31712136,115930.8679,0.953767354,0
1731308653,0,3,48.92856996,-74.45828463,115930.8511,0.978174931,0
1731308654,0,3,48.91200459,-74.53668173,115930.8717,0.983118867,0
1731308654,0,3,48.88810085,-74.6188742,115930.8572,0.955136142,0
1731308655,0,3,48.84840024,-74.73781621,115930.8642,0.97155127,0
1731308655,0,3,48.81688155,-74.84472171,115930.8659,0.974825713,0
1731308656,0,3,48.77734082,-74.93226236,115930.8634,0.951167841,0
1731308656,0,3,48.74902742,-75.06314196,115930.8586,0.967700278,0
1731308657,0,3,48.71408234,-75.15560117,115930.8549,0.991425619,0
1731308657,0,3,48.67421015,-75.25798919,115930.857,0.972861944,0
1731308658,0,3,48.66202864,-75.3728239,115930.8754,0.963637623,0
1731308658,0,3,48.63291994,-75.47577049,115930.8511,0.96048856,0
1731308659,0,3,48.62759144,-75.5806967,115930.8525,0.945865822,0
1731308659,0,3,48.59145317,-75.67821527,115930.8521,0.970795171,0
1731308660,0,3,48.55134345,-75.77745102,115930.8611,0.985568677,0
1731308660,0,3,48.53659384,-75.88551514,115930.8445,0.957954933,0
1731308661,0,3,48.49962012,-75.98348234,115930.8462,0.946734538,0
1731308661,0,3,48.43559742,-76.11409795,115930.8571,0.959448234,0
1731308662,0,3,48.43630968,-76.2004185,115930.8469,0.974906388,0
1731308662,0,3,48.40271168,-76.3122997,115930.8477,0.961805397,0
1731308663,0,3,48.36266537,-76.40287779,115930.8469,0.95788571,0
1731308663,0,3,48.32136915,-76.50685536,115930.8513,0.966281976,0
1731308664,0,3,48.3114372,-76.61471027,115930.867,0.968387566,0
1731308664,0,3,48.25465393,-76.71228077,115930.8693,0.952206676,0
1731308665,0,3,48.24519247,-76.81123495,115930.8789,0.963917821,0
1731308665,0,3,48.20919834,-76.9256478,115930.8786,0.961117979,0
1731308666,0,3,48.17274284,-77.03938905,115930.8676,0.95968152,0
1731308666,0,3,48.16718129,-77.14851419,115930.87,0.955920217,0
1731308667,0,3,48.12484221,-77.23617003,115930.861,0.975503087,0
1731308667,0,3,48.09695697,-77.33794198,115930.8649,0.959646672,0
1731308668,0,3,48.07425805,-77.4538854,115930.8792,0.946141207,0
1731308668,0,3,48.03505344,-77.54076201,115930.8634,0.968733507,0
1731308669,0,3,48.00961747,-77.65643876,115930.8713,0.973342589,0
1731308669,0,3,47.9832239,-77.77224303,115930.8504,0.958130259,0
1731308670,0,3,47.95069496,-77.84694386,115930.8531,0.960493815,0
1731308670,0,3,47.91784922,-77.95189785,115930.8629,0.959599987,0
1731308671,0,3,47.90278256,-78.08732324,115930.8612,0.962623977,0
1731308671,0,3,47.86733316,-78.17662276,115930.8535,0.977158948,0
1731308672,0,3,47.82401784,-78.28084211,115930.8838,0.964950107,0
1731308672,0,3,47.78574055,-78.3622609,115930.8615,0.974486448,0
1731308673,0,3,47.77118574,-78.48347823,115930.8553,0.956402145,0
1731308673,0,3,47.73692013,-78.6012736,115930.8613,0.962253606,0
1731308674,0,3,47.72181349,-78.68132329,115930.86,0.975630638,0
1731308674,0,3,47.68456048,-78.8062816,115930.8616,0.958034459,0
1731308675,0,3,47.65228962,-78.90040677,115930.8438,0.97621173,0
1731308675,0,3,47.6147391,-79.00933057,115930.8727,0.959806765,0
1731308676,0,3,47.57581462,-79.11106694,115930.8732,0.962873985,0
1731308676,0,3,47.55255399,-79.19991932,115930.8744,0.982792246,0
1731308677,0,3,47.52926392,-79.29790812,115930.863,0.961732335,0
1731308677,0,3,47.47716186,-79.42969462,115930.8664,0.967544011,0
1731308678,0,3,47.47683682,-79.51451968,115930.8511,0.97225479,0
1731308678,0,3,47.45505213,-79.6319375,115930.8681,0.968355654,0
1731308679,0,3,47.38489432,-79.7354562,115930.8623,0.968641052,0
1731308679,0,3,47.36030357,-79.82736263,115930.8551,0.965525062,0
1731308680,0,3,47.34656437,-79.94637753,115930.8684,0.953068178,0
1731308680,0,3,47.30840395,-80.03522199,115930.8688,0.969573466,0
1731308681,0,3,47.28680085,-80.1364564,115930.8603,0.958765818,0
1731308681,0,3,47.25343706,-80.25191237,115930.8641,0.973848207,0
1731308682,0,3,47.21387763,-80.33814578,115449.8085,0.975802352,0
1731308682,0,3,47.2069619,-80.46797432,114968.7903,0.94001768,0
1731308683,0,3,47.16868502,-80.54562153,114487.728,0.967802478,0
1731308683,0,3,47.12840445,-80.68234498,114006.689,0.945945164,0
1731308684,0,3,47.11901414,-80.73973748,113525.6558,0.944737639,0
1731308684,0,3,47.06884184,-80.87462616,113044.6254,0.932914671,0
1731308685,0,3,47.03146952,-80.98601672,112563.5845,0.939914548,0
1731308685,0,3,47.01568506,-81.08054988,112082.5324,0.934689252,0
1731308686,0,3,46.98734353,-81.19251746,111601.4993,0.940781722,0
1731308686,0,3,46.95909314,-81.28201254,111120.4337,0.918589682,0
1731308687,0,3,46.9306995,-81.37603513,110639.4025,0.938603045,0
1731308687,0,3,46.89885925,-81.50347578,110158.3618,0.924633489,0
1731308688,0,3,46.86841496,-81.59157674,109677.3404,0.914887526,0
1731308688,0,3,46.8278845,-81.7165276,109196.2935,0.908161269,0
1731308689,0,3,46.79677662,-81.79470022,108715.2479,0.902894705,0
1731308689,0,3,46.78096973,-81.90469691,108234.208,0.899538295,0
1731308690,0,3,46.74594266,-82.00192696,107753.1799,0.899627186,0
1731308690,0,3,46.72167257,-82.11774178,107272.1216,0.891844347,0
1731308691,0,3,46.66635936,-82.22469939,106791.0693,0.883520283,0
1731308691,0,3,46.64838628,-82.31601616,106310.0524,0.887661696,0
1731308692,0,3,46.64242635,-82.44108733,105829.0024,0.873545472,0
1731308692,0,3,46.59884351,-82.54926461,105347.9692,0.881124412,0
1731308693,0,3,46.5662357,-82.6357155,104866.9183,0.871660316,0
1731308693,0,3,46.54032146,-82.74339136,104385.8695,0.876849555,0
1731308694,0,3,46.52528874,-82.83778657,103904.841,0.875764417,0
1731308694,0,3,46.49314675,-82.93623891,103423.7961,0.871751773,0
1731308695,0,3,46.42733306,-83.04565379,102942.757,0.861037359,0
1731308695,0,3,46.40098527,-83.14469442,102461.7304,0.858196065,0
1731308696,0,3,46.3669182,-83.25543244,101980.6623,0.846611342,0
1731308696,0,3,46.34554324,-83.35752652,101499.6352,0.852606691,0
1731308697,0,3,46.32352553,-83.46746856,101018.5833,0.849726541,0
1731308697,0,3,46.29535851,-83.56548105,100537.5247,0.822139414,0
1731308698,0,3,46.24759559,-83.67229449,100056.5092,0.837587715,0
1731308698,0,3,46.21418887,-83.77453877,99575.46905,0.843476873,0
1731308699,0,3,46.19517649,-83.88328729,99094.43406,0.822224048,0
1731308699,0,3,46.18194814,-83.97736027,98613.38474,0.816032736,0
1731308700,0,3,46.15365207,-84.0963836,98132.33111,0.813570791,0
1731308700,0,3,46.12976871,-84.19329208,97651.29687,0.798712047,0
1731308701,0,3,46.08234918,-84.28382027,97170.27735,0.811012151,0
1731308701,0,3,46.06091603,-84.41025484,96689.2149,0.806043112,0
1731308702,0,3,46.03269546,-84.52621559,96208.19819,0.803705253,0
1731308702,0,3,45.98758994,-84.60476208,95727.15194,0.801886032,0
1731308703,0,3,45.966399,-84.71482571,95246.09735,0.785737544,0
1731308703,0,3,45.93906962,-84.80597706,94765.05233,0.792440761,0
1731308704,0,3,45.89335301,-84.92122034,94284.02919,0.79013223,0
1731308704,0,3,45.88882756,-85.0297881,93802.97539,0.776807544,0
1731308705,0,3,45.84198049,-85.1283324,93321.92143,0.781883859,0
1731308705,0,3,45.81320099,-85.22047305,92840.9016,0.774481246,0
1731308706,0,3,45.77281924,-85.32947955,92359.85923,0.763353596,0
1731308706,0,3,45.74446041,-85.46340179,91878.82553,0.768484766,0
1731308707,0,3,45.70025154,-85.5410346,91397.77673,0.758741032,0
1731308707,0,3,45.69273026,-85.64436417,90916.72683,0.764610043,0
1731308708,0,3,45.68719761,-85.75073381,90435.70411,0.751239204,0
1731308708,0,3,45.62191655,-85.86048972,89954.66417,0.736724546,0
1731308709,0,3,45.63182673,-85.94626502,89473.61192,0.748283303,0
1731308709,0,3,45.58616929,-86.04959951,88992.56928,0.743898776,0
1731308710,0,3,45.5372529,-86.18790097,88511.51453,0.726784583,0
1731308710,0,3,45.51222346,-86.27767847,88030.48078,0.741092701,0
1731308711,0,3,45.48056182,-86.3749757,87549.45355,0.736560988,0
1731308711,0,3,45.46893648,-86.46787283,87068.39946,0.716870194,0
1731308712,0,3,45.42700702,-86.58083889,86587.34955,0.714964983,0
1731308712,0,3,45.40361862,-86.69185287,86106.35817,0.716132909,0
1731308713,0,3,45.36534262,-86.78175112,85625.26766,0.705955376,0
1731308713,0,3,45.33060319,-86.89478933,85144.26395,0.715939505,0
1731308714,0,3,45.30494917,-86.99767949,84663.1974,0.707016364,0
1731308714,0,3,45.26757751,-87.10060658,84182.15871,0.690582418,0
1731308715,0,3,45.22708693,-87.19842142,83701.11193,0.689284557,0
1731308715,0,3,45.21970787,-87.31107952,83220.08557,0.705377905,0
1731308716,0,3,45.16652136,-87.40495407,82739.02243,0.704847477,0
1731308716,0,3,45.14880668,-87.51638374,82257.97751,0.690870436,0
1731308717,0,3,45.11705839,-87.63015273,81776.9711,0.679362007,0
1731308717,0,3,45.09785259,-87.72367984,81295.90605,0.673066255,0
1731308718,0,3,45.07702812,-87.83729373,80814.88064,0.678954333,0
1731308718,0,3,45.04339279,-87.93056124,80333.82141,0.670207717,0
1731308719,0,3,45.00802936,-88.02650588,79852.79844,0.649339273,0
1731308719,0,3,44.96496841,-88.14936643,79371.76728,0.671750074,0
1731308720,0,3,44.93939445,-88.23881692,78890.70426,0.670880568,0
1731308720,0,3,44.90789842,-88.35457954,78409.64928,0.660786269,0
1731308721,0,3,44.87645036,-88.44810167,77928.6446,0.63848926,0
1731308721,0,3,44.84709068,-88.54534615,77447.59606,0.639028369,0
1731308722,0,3,44.81678583,-88.67907284,76966.54115,0.622810644,0
1731308722,0,3,44.78630497,-88.77275198,76485.50279,0.653339675,0
1731308723,0,3,44.77052008,-88.86912653,76004.45295,0.629803056,0
1731308723,0,3,44.72041689,-88.96611585,75523.43735,0.652694871,0
1731308724,0,3,44.69363054,-89.0747596,75042.37689,0.644905441,0
1731308724,0,3,44.65505323,-89.17738409,74561.32714,0.612310129,0
1731308725,0,3,44.65500414,-89.26032495,74080.30255,0.610253177,0
1731308725,0,3,44.6028463,-89.39670888,73599.2509,0.617988994,0
1731308726,0,3,44.5873811,-89.47705897,73118.20829,0.591772981,0
1731308726,0,3,44.55548856,-89.59574312,72637.17338,0.600927187,0
1731308727,0,3,44.53388577,-89.6905781,72156.13763,0.595919557,0
1731308727,0,3,44.48855924,-89.7786129,71675.08204,0.61580401,0
1731308728,0,3,44.45114602,-89.8968451,71194.06879,0.594894085,0
1731308728,0,3,44.41502594,-90.00383644,70713.0208,0.586427504,0
1731308729,0,3,44.3726991,-90.09539969,70231.96947,0.578951565,0
1731308729,0,3,44.372121,-90.20397244,69750.92317,0.590198189,0
1731308730,0,3,44.34822422,-90.32704388,69269.8904,0.572281978,0
1731308730,0,3,44.31514839,-90.4199342,68788.85938,0.572737665,0
1731308731,0,3,44.26509588,-90.54388392,68307.81692,0.562840572,0
1731308731,0,3,44.2607438,-90.63594001,67826.77914,0.550047788,0
1731308732,0,3,44.2133354,-90.73122747,67345.72284,0.551254006,0
1731308732,0,3,44.18121054,-90.84421856,66864.65749,0.552185762,0
1731308733,0,3,44.15303527,-90.93929336,66383.6583,0.550564604,0
1731308733,0,3,44.1309877,-91.04599038,65902.60324,0.546994121,0
1731308734,0,3,44.08531861,-91.14432188,65421.57066,0.544290559,0
1731308734,0,3,44.06975729,-91.25775756,64940.53978,0.536284289,0
1731308735,0,3,44.04438415,-91.36674657,64459.50652,0.550653818,0
1731308735,0,3,44.02112492,-91.44639333,63978.43477,0.542633464,0
1731308736,0,3,43.98177327,-91.56996108,63497.40169,0.527793921,0
1731308736,0,3,43.93657943,-91.66223352,63016.37311,0.527679025,0
1731308737,0,3,43.92142664,-91.75831067,62535.31009,0.517406702,0
1731308737,0,3,43.87929717,-91.87486595,62054.2718,0.488684079,0
1731308738,0,3,43.84868232,-91.98888523,61573.23083,0.513315187,0
1731308738,0,3,43.81619675,-92.08593778,61092.19551,0.512157773,0
1731308739,0,3,43.78067327,-92.17780579,60611.15268,0.488966321,0
1731308739,0,3,43.76407619,-92.28974823,60130.10803,0.506078344,0
1731308740,0,3,43.75099873,-92.40769164,59649.0634,0.494269762,0
1731308740,0,3,43.7322367,-92.4935033,59168.04027,0.496446339,0
1731308741,0,3,43.67389802,-92.59560394,58687.00461,0.486554385,0
1731308741,0,3,43.66045695,-92.71068189,58205.96515,0.497559254,0
1731308742,0,3,43.61561208,-92.80485584,57724.9046,0.48330316,1
1731308742,0,3,43.57301257,-92.91233761,57243.87704,0.487056473,1
1731308743,0,3,43.56649137,-93.02059161,56762.82995,0.483870844,1
1731308743,0,3,43.5317921,-93.13538218,56281.78097,0.457819284,1
1731308744,0,3,43.51758617,-93.2154968,55800.75311,0.457616107,1
1731308744,0,3,43.45402121,-93.32251374,55319.69869,0.465513596,1
1731308745,0,3,43.46729034,-93.4280965,54838.66018,0.453333462,1
1731308745,0,3,43.4252092,-93.52231962,54357.60926,0.450594009,1
1731308746,0,3,43.37907481,-93.63214246,53876.57748,0.461837127,1
1731308746,0,3,43.34622969,-93.73855825,53395.54375,0.441859201,1
1731308747,0,3,43.31201998,-93.8713857,52914.51598,0.431265006,1
1731308747,0,3,43.29023743,-93.94111399,52433.45585,0.428607465,1
1731308748,0,3,43.25726276,-94.05608165,51952.40809,0.454760299,1
1731308748,0,3,43.23420209,-94.15761705,51471.39253,0.427146076,1
1731308749,0,3,43.19608249,-94.26137815,50990.3316,0.411276952,1
1731308749,0,3,43.18313781,-94.36066267,50509.27825,0.403216066,1
1731308750,0,3,43.14020065,-94.46100876,50028.25616,0.410655768,1
1731308750,0,3,43.10634403,-94.56971761,49547.21066,0.410928201,1
1731308751,0,3,43.08911709,-94.67513668,49066.196,0.418376704,1
1731308751,0,3,43.032611,-94.78140393,48585.13684,0.413399592,1
1731308752,0,3,43.02220814,-94.92106467,48104.08971,0.40080395,1
1731308752,0,3,42.98901599,-94.99425399,47623.04102,0.392316989,1
1731308753,0,3,42.94461379,-95.10462349,47142.01266,0.396246124,1
1731308753,0,3,42.91159928,-95.18692972,46660.98301,0.371354064,1
1731308754,0,3,42.90874978,-95.29667625,46179.93065,0.404643564,1
1731308754,0,3,42.87823625,-95.41127751,45698.87814,0.38736504,1
1731308755,0,3,42.84029595,-95.51410283,45217.85109,0.385485328,1
1731308755,0,3,42.82569896,-95.61829498,44736.80431,0.362065169,1
1731308756,0,3,42.78290408,-95.72230294,44255.76837,0.381624556,1
1731308756,0,3,42.76095447,-95.83645977,43774.71942,0.360189157,1
1731308757,0,3,42.72262168,-95.94245651,43293.67828,0.351255071,1
1731308757,0,3,42.68562235,-96.02938276,42812.63697,0.356380251,1
1731308758,0,3,42.64776715,-96.1227496,42331.60966,0.352137863,1
1731308758,0,3,42.62227012,-96.24270915,41850.55564,0.33796926,1
1731308759,0,3,42.59569528,-96.33812732,41369.51382,0.335796575,1
1731308759,0,3,42.58186005,-96.43764867,40888.46808,0.331004916,1
1731308760,0,3,42.54588973,-96.55875458,40407.44113,0.327091525,1
1731308760,0,3,42.51145574,-96.65285007,39926.39879,0.328839011,1
1731308761,0,3,42.48681467,-96.76314503,39445.35028,0.314821401,1
1731308761,0,3,42.45335042,-96.84424815,38964.30676,0.317788811,1
1731308762,0,3,42.42065798,-96.94851426,38483.2917,0.331145443,1
1731308762,0,3,42.37301403,-97.0778918,38002.21323,0.324918205,1
1731308763,0,3,42.36935422,-97.16793904,37521.19605,0.302177841,1
1731308763,0,3,42.32333954,-97.2649514,37040.16312,0.318250075,1
1731308764,0,3,42.30877208,-97.37097362,36559.07543,0.284994569,1
1731308764,0,3,42.2797008,-97.4824708,36078.07632,0.324942079,1
1731308765,0,3,42.23111032,-97.57405037,35597.02527,0.309645009,1
1731308765,0,3,42.21726989,-97.6999906,35115.98912,0.287035924,1
1731308766,0,3,42.17412487,-97.7978059,34634.94242,0.292448786,1
1731308766,0,3,42.14414644,-97.90738091,34153.91549,0.270606769,1
1731308767,0,3,42.12023351,-97.99460906,33672.86746,0.281211657,1
1731308767,0,3,42.09046552,-98.11208988,33191.82423,0.274761905,1
1731308768,0,3,42.05796833,-98.21180552,32710.77301,0.264242141,1
1731308768,0,3,42.01420195,-98.30774584,32229.75991,0.263895758,1
1731308769,0,3,41.99629238,-98.41076956,31748.70028,0.258902628,1
1731308769,0,3,41.99025365,-98.53065283,31267.68216,0.249246651,1
1731308770,0,3,41.90959084,-98.61484453,30786.63763,0.247973841,1
1731308770,0,3,41.91609031,-98.7246837,30305.55966,0.238127886,1
1731308771,0,3,41.88792617,-98.84388714,29824.52998,0.257111057,1
1731308771,0,3,41.83373346,-98.95017679,29343.48525,0.235207916,1
1731308772,0,3,41.81258456,-99.04088734,28862.45422,0.228300243,1
1731308772,0,3,41.7772338,-99.13605772,28381.41567,0.244926844,1
1731308773,0,3,41.77574264,-99.23963101,27900.37518,0.23619933,1
1731308773,0,3,41.73819526,-99.34865601,27419.34251,0.236539531,1
1731308774,0,3,41.70864128,-99.45556045,26938.306,0.233646716,1
1731308774,0,3,41.66829551,-99.55475934,26457.25982,0.239851714,1
1731308775,0,3,41.65017198,-99.67225953,25976.20363,0.214907966,1
1731308775,0,3,41.60693071,-99.75066586,25495.1605,0.197883594,1
1731308776,0,3,41.59056667,-99.85462587,25014.12744,0.21116144,1
1731308776,0,3,41.54545015,-99.97090665,24533.09076,0.197752377,1
1731308777,0,3,41.51010671,-100.0770513,24052.04376,0.190858645,1
1731308777,0,3,41.50497065,-100.186968,23570.99122,0.197424179,1
1731308778,0,3,41.45661468,-100.2813958,23089.97059,0.201073949,1
1731308778,0,3,41.41779718,-100.397426,22608.91893,0.180047709,1
1731308779,0,3,41.38765086,-100.5165785,22127.87772,0.197142862,1
1731308779,0,3,41.35764343,-100.6253129,21646.84048,0.170494198,1
1731308780,0,3,41.34511566,-100.7099964,21165.79772,0.173942615,1
1731308780,0,3,41.30564462,-100.8042671,20684.75554,0.176236042,1
1731308781,0,3,41.29957486,-100.9063407,20203.70549,0.16448522,1
1731308781,0,3,41.25841907,-101.0183575,19722.67626,0.146595612,1
1731308782,0,3,41.21909068,-101.1159011,19241.6435,0.169621104,1
1731308782,0,3,41.2005203,-101.2238912,18760.59821,0.150103675,1
1731308783,0,3,41.15148826,-101.3349716,18279.56413,0.159778686,1
1731308783,0,3,41.1078575,-101.4293454,17798.50645,0.135679446,1
1731308784,0,3,41.08647154,-101.5245079,17317.46004,0.133377801,1
1731308784,0,3,41.06780147,-101.6460076,16836.42945,0.148927913,1
1731308785,0,3,41.03406599,-101.7498326,16355.38486,0.139699955,1
1731308785,0,3,41.01449758,-101.8548185,15874.34499,0.127900351,1
1731308786,0,3,40.9749693,-101.9673207,15393.31129,0.13182791,1
1731308786,0,3,40.95365781,-102.0565871,14912.26323,0.114728469,1
1731308787,0,3,40.93114919,-102.1484737,14431.21485,0.121362715,1
1731308787,0,3,40.88482454,-102.2577049,13950.18085,0.117537046,1
1731308788,0,3,40.86161496,-102.3649661,13469.14893,0.108505092,1
1731308788,0,3,40.80847766,-102.4658125,12988.11133,0.099881404,1
1731308789,0,3,40.79474861,-102.5758224,12507.07032,0.104928072,1
1731308789,0,3,40.75362998,-102.694241,12026.02704,0.099667081,1
1731308790,0,3,40.73736385,-102.7707545,11544.9802,0.091549948,1
1731308790,0,3,40.7082336,-102.8717099,11063.94502,0.081861397,1
1731308791,0,3,40.67816238,-102.9935323,10582.89964,0.088315601,1
1731308791,0,3,40.64099641,-103.0915886,10101.86028,0.079548945,1
1731308792,0,3,40.63874434,-103.1962797,9620.808842,0.069826831,1
1731308792,0,3,40.57304145,-103.2942263,9139.777762,0.076600113,1
1731308793,0,3,40.54239223,-103.3846698,8658.740199,0.088239223,1
1731308793,0,3,40.54219549,-103.4938003,8177.698911,0.064479214,1
1731308794,0,3,40.48856493,-103.6129969,7696.641713,0.079116446,1
1731308794,0,3,40.45612283,-103.7076326,7215.614639,0.081273439,1
1731308795,0,3,40.45856087,-103.8043432,6734.558326,0.04658713,1
1731308795,0,3,40.415351,-103.9166329,6253.53359,0.052203222,1
1731308796,0,3,40.36951115,-104.0245928,5772.483928,0.069141352,1
1731308796,0,3,40.34759289,-104.1239153,5291.467086,0.042884759,1
1731308797,0,3,40.33483854,-104.2392376,4810.41031,0.040454874,1
1731308797,0,3,40.29225805,-104.3416072,4329.376218,0.01937808,1
1731308798,0,3,40.26816535,-104.4505042,3848.348403,0.026752951,1
1731308798,0,3,40.23331391,-104.5406228,3367.278208,0.033616539,1
1731308799,0,3,40.20453043,-104.6488369,2886.249827,0.048344908,1
1731308799,0,3,40.16558733,-104.7595836,2405.1927,0.018083204,1
1731308800,0,3,40.13526542,-104.8568237,1924.167096,-0.000591537,1
1731308800,0,3,40.10778445,-104.9543115,1443.140392,-0.002026322,1
1731308801,0,3,40.08242049,-105.0436938,962.0755447,0.007659399,1
1731308801,0,3,40.04220483,-105.1565498,481.0320522,0.015780668,1
1731308802,0,3,40.01622054,-105.2933415,-0.000911742,0.006373529,1
